method,kind,mse_all,mse_masked,train_time_sec,inference_time_sec,num_params,param_size_mb,total_time_sec,inference_ms_per_batch
Transformer,deep,0.1230921018501522,0.09151626016068752,1417.697862148285,1.6491093635559082,424268.0,1.6184539794921875,1419.3469715118408,1.2502724515207795
LNN,deep,0.1377110475994833,0.09418937383200889,20201.038092136383,35.99440956115723,111292.0,0.460113525390625,20237.03250169754,27.28916570216621
GRU-D,deep,0.048252464772959,0.09992555067048375,10603.509061813354,22.87255048751831,80728.0,0.30797576904296875,10626.381612300873,17.34082675323602
LOCF,classical(batches=1319),0.12201952163922711,0.40683850648631487,0.0,949.5207648277283,,,949.5207648277283,
KNN,classical(batches=1319),0.16874212860619398,0.5627187862131308,0.0,36962.865575790405,,,36962.865575790405,
GAIN,deep,1.1782532033151816,1.2008653708336094,796.2566792964935,0.6757616996765137,19888.0,0.07586669921875,796.93244099617,0.5123288094590702
