method,runs,total_time_s,mean_s,median_s,std_s,samples_per_sec
pytorch_cpu,50,11.959027399999995,0.23918054799999988,0.23205130000000018,0.029929168537005838,1070.3211533740616
pytorch_gpu,50,26.771977899999992,0.5354395579999999,0.518804399999997,0.07922847060108164,478.11185441027885
onnx_cpu,50,2.3246654999999805,0.04649330999999961,0.04323540000000037,0.012611035805646462,5506.168521879861
onnx_gpu,50,2.189797999999996,0.043795959999999926,0.04304159999999868,0.0035564468444223094,5845.28801286695
