method,runs,total_time_s,mean_s,median_s,std_s,samples_per_sec
pytorch_cpu,50,9.270451399999999,0.18540902799999998,0.18410724999999983,0.006546198812319745,1380.731039698887
pytorch_gpu,50,22.275379000000036,0.44550758000000074,0.42114255000000256,0.06178744874056853,574.6254642850288
onnx_cpu,50,2.0237208000000138,0.04047441600000028,0.03957265000000021,0.0044257856829438115,6324.983169615054
