block_size,GRU_mse_masked,TRANSFORMER_mse_masked
5,0.220827,0.298680
10,0.339688,0.364328
15,0.423766,0.411560
20,0.514448,0.491290
