hidden_units,best_epoch,best_val_loss,best_val_mse_masked,best_val_mse_all,num_params,state_dict_size_mb,inference_time_sec,inference_batches,inference_samples,inference_ms_per_batch,inference_ms_per_sample,weight_path
256,30,0.08749734840599059,0.08749734840599059,0.2585312678151036,424532,1.7582015991210938,43.1006064414978,1319,21092,32.67672967513101,2.0434575403706523,results/lnn_hidden_units_ablation/best_model_lnn_h256_20260129_221904.pt
128,28,0.09319011539830159,0.09319011539830159,0.15457192232579536,111292,0.460113525390625,42.40122056007385,1319,21092,32.14649018959352,2.0102987180008465,results/lnn_hidden_units_ablation/best_model_lnn_h128_20260129_221904.pt
64,30,0.10436063373360396,0.10436063373360396,0.07939960464123436,30428,0.12542724609375,42.34550762176514,1319,21092,32.10425141907895,2.0076572928961283,results/lnn_hidden_units_ablation/best_model_lnn_h64_20260129_221904.pt
32,30,0.12379820255415798,0.12379820255415798,0.08958024650083472,8932,0.03665924072265625,41.88696002960205,1319,21092,31.75660350993332,1.985916936734404,results/lnn_hidden_units_ablation/best_model_lnn_h32_20260129_221904.pt
